{"\u0000": 0.0, "\u3134": 0.08041512556361737, "\u314f": 0.08344830510998039, " ": 0.1451518304198628, "\u314e": 0.01912170886709864, "\u3141": 0.03501037227395075, "\u3142": 0.01456720231934693, "\u3139": 0.06118333253627589, "\u3158": 0.002948360603225105, "\u3148": 0.023481312311469597, "\u315c": 0.020600175232327208, "\u3131": 0.04670410731220499, "\u3157": 0.029402396405842402, "\u3132": 0.0048567868238283485, "\u3147": 0.08500617644325296, "\u314d": 0.004820693656535615, "\u3155": 0.012089406384700829, "\u3145": 0.02672428339272163, "\u3150": 0.017585493434201706, "\u314c": 0.0032754549318154955, "\u3154": 0.015961300906028732, "\u3163": 0.04741920318919226, "\u3146": 0.007260591765524348, "\u3153": 0.03805437977050159, "\u3137": 0.02578225172638131, "\u3144": 0.00224815315774609, "\u3151": 0.002953774578319015, "\u3138": 0.004138081630111807, "\u315b": 0.0031112310206335616, "\u3161": 0.03872435918837295, "\u314a": 0.007514597430346955, "\u315d": 0.002987160758064793, "\u3136": 0.0017410441572831951, "\u315f": 0.0016638950121949788, "\u315a": 0.0014504941605766966, "\u3149": 0.0007146447123961081, "\n": 0.001187916368522066, "\u3162": 0.0028703091289545703, "\u3143": 0.0011328742884006485, "\u3159": 0.0010047435445114474, "-": 0.00022603346017073872, "\u3152": 0.0002075357119332132, "\u314b": 0.0010069993674672432, ".": 0.00027114991928665465, "C": 0.000340178101734006, "a": 0.004975894275894366, "u": 0.0024881727202427624, "s": 0.0021245340597684805, "e": 0.006827473758011555, "I": 0.0012298746754998678, "c": 0.0011477627199089008, "n": 0.0038759550026483363, "'": 0.0006979516225232192, "t": 0.004485027200713201, "o": 0.007092758537613141, "p": 0.000774198438429117, "g": 0.001493805961327976, "m": 0.0021732598356136697, "h": 0.003722107877063063, "i": 0.0034762231748813213, "k": 0.001136934769721081, "b": 0.0016435926055928167, "r": 0.002565321865330979, "l": 0.0031152915019539936, "\u3160": 0.00027566156519824624, "M": 0.0003722107877063063, "N": 0.00032438734104343545, "T": 0.0004074016258167207, "y": 0.003478478997837117, "\u3140": 0.0003916108651261501, "(": 0.00014933547967368167, ")": 0.00015294479640295494, "\u3156": 0.000725472662583928, "d": 0.0015601271562283724, "f": 0.0006514816696338258, "\u3133": 2.3460558740276274e-05, "w": 0.0012822097680743303, "1": 0.00011865628747485886, "x": 3.744666106621021e-05, "D": 0.0003523595456953033, "W": 0.00025896847532535735, "P": 0.0001601634298615015, "G": 0.0002643824504192673, "v": 0.0009235339181027988, "\u313a": 0.00017144254464048048, ",": 0.00013760520030354354, "A": 0.0005048531775070991, "L": 0.0005549324471257657, "H": 0.0005039508483247807, "!": 0.0001258749209334054, "O": 0.0006388490610813694, "Y": 0.0005080113296452132, "S": 0.00044349479310945344, "U": 0.00027746622356288286, "V": 6.090721980648649e-05, "\u313b": 0.00017279603841395796, "B": 0.0005441044969379459, "R": 0.0001944519387895976, "z": 6.857701785619218e-05, "E": 0.00035371303946878075, "j": 7.218633458546546e-05, "K": 9.700038709921922e-05, "\u313c": 0.00010060970382849249, "8": 1.3534937734774774e-05, "J": 9.519572873458258e-05, "*": 1.5339596099411412e-05, "/": 4.5116459115915913e-07, ">": 2.7069875469549547e-06, "0": 4.105597779548348e-05, "2": 8.030729722633033e-05, "~": 0.0003631874958831231, "F": 0.00016287041740845645, "?": 2.9325698425345344e-05, "\u3135": 9.83538808726967e-05, "5": 1.3083773143615615e-05, "3": 3.6995496475051047e-05, "4": 3.7897825657369365e-05, "6": 1.037678559666066e-05, "7": 1.7595419055207205e-05, "X": 9.9256210055015e-06, "\u315e": 2.120473578448048e-05, "`": 3.0679192198822825e-05, "Z": 1.4888431508252251e-05, "q": 1.1730279370138137e-05, "[": 4.96281050275075e-06, "]": 4.96281050275075e-06, "9": 4.060481320432432e-06, "<": 4.511645911591591e-06, "Q": 2.7069875469549547e-06, "&": 1.3083773143615615e-05, "+": 4.5116459115915913e-07, "\u313e": 9.023291823183183e-07, "\"": 9.023291823183183e-07, ":": 2.2558229557957955e-06, "\u313f": 9.023291823183183e-07, "$": 9.023291823183183e-07}